"carapace.width","1990","1991","1992","1993","1994","1995","1996","1997","1998","1999","2000","2001","2002","2003","2004","2005","2006","2007","2008","2009","2010","2011","2012","2013","2014","2015","2016","2017","2018","2019","2020"
10,0.000255617084354261,0.00202698811436726,9.07970839126953e-05,4.62599432921779e-06,0.000135548804344877,0.00281244694321338,3.56238112847576e-05,5.54865636394391e-07,7.55093155654737e-06,1.83473955219343e-08,2.47335868757461e-05,0.000307551776410681,0.0035629684854859,0.000129959857402199,1.23741087732022e-05,2.25537253328086e-06,8.23481079581106e-07,7.80788636831798e-07,0.000180385828089347,1.38673841754383e-13,9.36787281233519e-10,3.28993256052679e-09,1.56016375675203e-10,4.88695726356264e-06,2.5102263310334e-07,3.49663301237908e-10,6.63075623762712e-05,4.2828320223126e-06,9.7577348561035e-05,1.75818797424863e-08,1.42012997461855e-06
11,0.000259519467549945,0.00203997690773859,0.000102810850010272,6.2420938024464e-06,0.0001529803890095,0.00269032169771685,4.16918220285617e-05,8.23614879537983e-07,9.83647202993228e-06,3.18861674312547e-08,3.06544850988524e-05,0.000352946592345147,0.00403190837551433,0.000146675508130826,1.44888296895654e-05,2.79747577134247e-06,1.07807748665232e-06,1.10268579830617e-06,0.000207705967520928,4.12343285953234e-13,1.83327499596955e-09,5.8870657916442e-09,2.7982806417383e-10,6.21014236090827e-06,3.34014357697825e-07,6.45962514075476e-10,7.79720627183384e-05,5.5822548612167e-06,0.000114014550562384,2.93915440550396e-08,1.89276721764368e-06
12,0.000264340300948643,0.00206688872985992,0.000116413875158351,8.38951313498059e-06,0.000172651208990594,0.00257782730769479,4.87929820175644e-05,1.2194727344779e-06,1.28130922017774e-05,5.50002478354904e-08,3.79713495661902e-05,0.00040503889716504,0.00455170916099087,0.000165540797012256,1.69649474954431e-05,3.46985731287028e-06,1.41133719984013e-06,1.55464941208838e-06,0.000239162859187912,1.20091471228594e-12,3.56149280587765e-09,1.04598465772219e-08,5.00580405109857e-10,7.88816667034854e-06,4.4444369128403e-07,1.18863493878427e-09,9.16883302183735e-05,7.2735795541643e-06,0.000133218713188995,4.88591440095161e-08,2.52234673922905e-06
13,0.000270228079011886,0.0021065715212313,0.000131816276465077,1.12299949112704e-05,0.000194848216413075,0.00247424297953189,5.71030382766127e-05,1.80081602522432e-06,1.66893549007415e-05,9.41418557861061e-08,4.70062048043607e-05,0.000464815897252971,0.00512610908281213,0.000186832070578508,1.98642209509925e-05,4.30381552161964e-06,1.84753954729363e-06,2.18794945399183e-06,0.000275382558046139,3.42493140862002e-12,6.86603957695411e-09,1.84494537429163e-08,8.92962618134813e-10,1.00148289971691e-05,5.91381225511589e-07,2.17800652040316e-09,0.000107817191936247,9.47388649248325e-06,0.000155654937213171,8.07500499785965e-08,3.36078868130272e-06
14,0.000277348328033168,0.00215815815253479,0.00014925590519365,1.49697220688079e-05,0.00021989493886519,0.00237891540157434,6.68275779306884e-05,2.65186184867151e-06,2.17365428669357e-05,1.59874177422716e-07,5.81530277972572e-05,0.000533409987207843,0.00575884842053842,0.000210861174297964,2.3258961782567e-05,5.3381633038337e-06,2.41844478863236e-06,3.07345030391383e-06,0.000317085760973975,9.56268654689493e-12,1.31310350849386e-08,3.22990998803856e-08,1.5881061379696e-09,1.2708187561671e-05,7.86895872622876e-07,3.97300198141164e-09,0.000126782901005248,1.23347054569873e-05,0.000181866266339643,1.3265354714076e-07,4.47708489516759e-06
15,0.00028588372561074,0.00222100903424703,0.000169001989384413,1.98698420004008e-05,0.000248156085818176,0.00229125270964355,7.82070750620839e-05,3.89357751492342e-06,2.83073957562294e-05,2.69323043447713e-07,7.18930662435118e-05,0.000612119977208455,0.00645362357385557,0.00023798000535439,2.72338375557633e-05,6.62103016794371e-06,3.16559265044242e-06,4.30880970976941e-06,0.00036510207974321,2.61338065126882e-11,2.49032341092399e-08,5.61129139891613e-08,2.81524978238244e-09,1.61166247614952e-05,1.04704574539486e-06,7.21274241915947e-09,0.000149084273976597,1.60519031935465e-05,0.000212486666535158,2.16560055064215e-07,5.96285573570752e-06
16,0.000296033909756341,0.00229466858305474,0.000191359247408992,2.62589219646773e-05,0.000280042719466472,0.00221071907945577,9.15227841970289e-05,5.69891688660191e-06,3.6860375182258e-05,4.49977874723779e-07,8.88131736749517e-05,0.000702435367684783,0.00721403632709527,0.00026858564730558,3.18879824154622e-05,8.21209545415954e-06,4.14330381970354e-06,6.02818890551044e-06,0.000420386455345272,6.98926210081211e-11,4.68187501585283e-08,9.6720273583207e-08,4.97329323040544e-09,2.04263467801966e-05,1.39319634224966e-06,1.30277922384965e-08,0.00017530777916179,2.08782925105722e-05,0.000248256137829223,3.51256540258576e-07,7.93968513395643e-06
17,0.000308015066600288,0.00237883209003722,0.000216672530138926,3.45475112395416e-05,0.000316018054666085,0.00213682988536417,0.000107103619993279,8.31395486189083e-06,4.79910498989007e-05,7.45512542656183e-07,0.000109627677381759,0.000806064078635041,0.00804353886737583,0.000303126160432956,3.73374682124954e-05,1.01853554462297e-05,5.42259772628546e-06,8.41528934171283e-06,0.000484038031298523,1.82886728128788e-10,8.72232350026509e-08,1.65375616602075e-07,8.7529314968576e-09,2.58706261429222e-05,1.85377404058779e-06,2.34040098057538e-08,0.000206142915836807,2.71396578095068e-05,0.000290038298805675,5.65925566571168e-07,1.05687866535235e-05
18,0.000322059447572494,0.00247332043658862,0.000245332055062592,4.52449417015936e-05,0.00035660395875926,0.00206914737153637,0.000125334184838393,1.20869910100113e-05,6.24726299456465e-05,1.22458698897393e-06,0.000135204358073843,0.000924964076486563,0.00894537533135412,0.00034210711080151,4.37181974750218e-05,1.26325513373282e-05,7.09630384977097e-06,1.17207694903902e-05,0.000557321849484732,4.68141306693568e-10,1.60965313250917e-07,2.80441344203998e-07,1.53437615765929e-08,3.27411493676547e-05,2.46659846155571e-06,4.1803496639071e-08,0.000242400282581078,3.52550441850051e-05,0.000338840834697239,9.05491990785399e-07,1.40637162105858e-05
19,0.00033841501355299,0.00257806076249596,0.000277779301225376,5.89784304381763e-05,0.000402388228362759,0.00200727678773694,0.000146664131405336,1.75083163788666e-05,8.13082227132593e-05,1.99398192037258e-06,0.000166595182238886,0.00106137936627552,0.00992252086132876,0.000386098931362727,5.11892901340335e-05,1.56674149153042e-05,9.28572640765777e-06,1.62853909500117e-05,0.000641693784231976,1.17204162338606e-09,2.94142997080836e-07,4.71571006120585e-07,2.67830068028262e-08,4.14018905865934e-05,3.28198448285181e-06,7.42139058028662e-08,0.000285032801127644,4.57623308658883e-05,0.000395839256945686,1.43847222639396e-06,1.87070534011233e-05
20,0.000357345421429711,0.00269307167367794,0.000314513638911547,7.65144512805521e-05,0.000454032726524111,0.00195086294737328,0.000171619076094178,2.52640979794056e-05,0.000105798054632929,3.21793401647431e-06,0.000205072485415244,0.00121788081853654,0.0109776193497658,0.000435745219971312,5.99370481292162e-05,1.94309256228257e-05,1.21493288865421e-05,2.2570605477919e-05,0.000738829189494496,2.86954985645254e-09,5.32045476496535e-07,7.86149747509234e-07,4.65382534413003e-08,5.23059936703128e-05,4.36686732294588e-06,1.30902960639622e-07,0.000335160641353571,5.93503016950834e-05,0.000462404485577021,2.26835464771908e-06,2.48722318045196e-05
21,0.000379130551039558,0.00281845193296502,0.000356099771933866,9.87822131755939e-05,0.000512282469813869,0.00189958717044654,0.000200813312053531,3.63087394356171e-05,0.000137625717605636,5.14619826025328e-06,0.000252171351802005,0.00139741225642441,0.0121129212325472,0.00049177209207912,7.01795962971101e-05,2.4097817860865e-05,1.58940420985867e-05,3.11987314106766e-05,0.000850655800830578,6.86955826128433e-09,9.52228460950145e-07,1.29908086159239e-06,8.04733178397617e-08,6.60162070214562e-05,5.81028717931221e-06,2.29319082142678e-07,0.000394100485039075,7.68986283036339e-05,0.00054013483583141,3.54988473579764e-06,3.30520183717851e-05
22,0.000404067720773846,0.00295437184053813,0.000403176072343758,0.000126898919802193,0.000577975760642069,0.00185316457859222,0.000234964607427617,5.19611159082621e-05,0.000178968472499408,8.15418087407725e-06,0.000309738965719373,0.00160334210043196,0.0133302228451494,0.000554998720254228,8.21723146182025e-05,2.98846328714757e-05,2.07899755796329e-05,4.30053843424446e-05,0.000979391509218014,1.60780849260051e-08,1.68567858719658e-06,2.12745592703756e-06,1.38435162543105e-07,8.3229472232037e-05,7.73067991380697e-06,3.98828915337932e-07,0.00046339987248463,9.95273822195035e-05,0.000630893066918137,5.51204918559953e-06,4.38955313884308e-05
23,0.000432473670670298,0.00310106670614907,0.00045646388597754,0.000162196286550367,0.000652055464982187,0.00181134171355233,0.000274911415850022,7.40312264460334e-05,0.000232637774763716,1.2799460890838e-05,0.000379991714242474,0.0018395205884962,0.0146308089723616,0.000626349208694505,9.62141963666456e-05,3.70596774424863e-05,2.71895374790105e-05,5.91074231148954e-05,0.00112758770833397,3.67860612414885e-08,2.95046388875437e-06,3.45223687512726e-06,2.36836752741156e-07,0.000104806313519315,1.02855657941702e-05,6.88354920762338e-07,0.000544877498772639,0.000128657868291175,0.000736849232780527,8.4900453083815e-06,5.82561510954327e-05
24,0.000464687319901104,0.00325883196102882,0.000516777880546097,0.000206247560523236,0.000735581539244485,0.0017738944542497,0.000321632872118733,0.000104984993908861,0.000302257459181077,1.99001275549843e-05,0.000465580786273738,0.0021103420432166,0.0160154002915294,0.000706865968713876,0.0001126552894194,4.59553346049425e-05,3.55522552348154e-05,8.09903401711151e-05,0.00129817901147187,8.22689220992237e-08,5.10423799361056e-06,5.54983388329492e-06,4.02818606212331e-07,0.000131805699910822,1.36844204549918e-05,1.17851750012093e-06,0.000640670467126688,0.000166086689705901,0.000860530160882056,1.29690681912462e-05,7.72532164926415e-05
25,0.000501073247238685,0.00342801956652472,0.00058503749311541,0.000260894032842946,0.000829744911587471,0.00174062621117795,0.00037627199636186,0.000148156061477686,0.000392488373268126,3.0641546890979e-05,0.000569666927140886,0.00242081065009495,0.0174841074234832,0.000797724780927217,0.000131905404462177,5.69832724622519e-05,4.64769535225214e-05,0.000110619744714097,0.00149454023937158,1.79828823623198e-07,8.72454965916381e-06,8.83739661425478e-06,6.80881585038448e-07,0.000165526043968012,1.82057654263284e-05,2.00065101534927e-06,0.000753289666970208,0.000214074965672377,0.00100487647277564,1.9643311200554e-05,0.000102351004905702
26,0.000542025808250007,0.00360903545851874,0.000662279506763962,0.000328269760835777,0.000935882821609547,0.00171136638013606,0.000440162584468769,0.000208014313770196,0.00050930955988967,4.67193285904072e-05,0.000696004852469974,0.00277660641458463,0.0190363932581486,0.000900251751695916,0.000154444304674098,7.06532197746514e-05,6.07434052862078e-05,0.000150582319424358,0.00172055169630546,3.84174743303324e-07,1.47291302340388e-05,1.39367435261296e-05,1.14333600102512e-06,0.000207552943146621,2.42198482290338e-05,3.36610886878972e-06,0.000885684624921564,0.000275454459343208,0.00117330814569452,2.94940922968222e-05,0.000135459128141064
27,0.000587973793713465,0.00380233782854289,0.000749671741250789,0.000410822946077272,0.00105549571698538,0.00168596904046018,0.000514860320315727,0.000290501240838811,0.000660367138359266,7.05272277835359e-05,0.000849037580854951,0.00318414484672531,0.0206710451098304,0.00101594239545865,0.000180833627359974,8.75961248497991e-05,7.93661470140614e-05,0.000204262313333371,0.00198067387888554,8.02097557699809e-07,2.45520949754526e-05,2.17631006563856e-05,1.90655835624623e-06,0.00025981414240826,3.22187174749344e-05,5.6106476053179e-06,0.00104131937811309,0.000353751948039691,0.0013697996917752,4.38913935771569e-05,0.00017905909245449
28,0.000639385545722695,0.00400843608934865,0.000848527771830078,0.000511332163227502,0.00119026579475003,0.00166431188588598,0.000602178704939621,0.000403441825493408,0.000855402450814118,0.000105399247737478,0.00103400058972697,0.00365061863474452,0.0223861580799651,0.00114648310097854,0.000211730829694332,0.000108592691972823,0.000103663864117397,0.000276060168358815,0.0022800328998585,1.63661066191639e-06,4.03960103163152e-05,3.36461292912107e-05,3.15594658510194e-06,0.000324641975182748,4.28560656306698e-05,9.26040142497784e-06,0.00122426113920936,0.000453332372099917,0.00159896609235639,6.47232021424546e-05,0.000236362258451744
29,0.000696774473468724,0.00422789040828828,0.000960322483297102,0.000632915429168325,0.00134207725675262,0.00164629537905935,0.000704230457023127,0.000557040931497761,0.00110677024710255,0.00015591499514561,0.00125703520944361,0.00418400085284708,0.024179130765851,0.00129377526837081,0.000247905499100578,0.000134608501595968,0.000135348630921525,0.00037166012646965,0.00262451805657145,3.26349176478601e-06,6.55834758068684e-05,5.14919531181291e-05,5.18368031714882e-06,0.000404843196685277,5.69999462523036e-05,1.5127980862528e-05,0.00143928375680106,0.000579560008458595,0.00186616065720415,9.4556697801921e-05,0.000311504640350933
30,0.000760704941867815,0.00446131171903345,0.00108670810904324,0.000779029970952228,0.00151303832100536,0.00163184212353863,0.000823475094372316,0.000764468672421028,0.00143005481239613,0.000228275994321174,0.00152531002375251,0.00479297542632109,0.0260466741591333,0.0014599624350605,0.000290258424755196,0.000166837171294383,0.000176640356005026,0.0004983534388572,0.0030208931287804,6.35984008185889e-06,0.000105034307581045,7.79958361966126e-05,8.4449793524433e-06,0.000503775629603208,7.58024145790792e-05,2.44493979084869e-05,0.00169198821434315,0.000738975001588925,0.00217758596607965,0.000136834348362816,0.00040978365969693
31,0.000831798536889704,0.0047093621429748,0.00122953017988432,0.000953460525281557,0.00170550499040559,0.00162089644994923,0.000962773452397443,0.00104253335016475,0.00184478577692395,0.000330757754045362,0.0018471482197211,0.00548673995823828,0.0279848342376818,0.00164746074249834,0.000339843891300804,0.000206753308019884,0.000230413055991459,0.000665422849509716,0.0034769231496344,1.21130211585834e-05,0.000165894231512281,0.000116915512701276,1.36405388903893e-05,0.000625430369000683,0.000100791335327553,3.90745144716666e-05,0.00198894263909175,0.00093947993597851,0.00254041897056805,0.000196106133694872,0.000537940773093124
32,0.000910740737982967,0.00497275576767774,0.0013908424942389,0.00116029411202345,0.00192210652414885,0.00161342421580387,0.00112544992569337,0.00141243165601184,0.00237524427041784,0.000474237453517191,0.00223215781208929,0.00627459844796953,0.0299890283819355,0.00185899313135381,0.000397895730146544,0.000256177341011471,0.000300381066032885,0.000884592042291984,0.00400151855173506,2.25489327612488e-05,0.000258336437153713,0.000173414537160443,2.18351747718436e-05,0.000774517418092078,0.000133991093158995,6.17249883378773e-05,0.00233784448184491,0.00119052769091656,0.00296295115795583,0.000278296227033647,0.000704491367683985
33,0.000998288048977393,0.00525225974218286,0.00157291979861026,0.0014038794964149,0.00216577248091522,0.00160941282144218,0.00131536322255984,0.00190055339311787,0.00305133213035844,0.000672789776527285,0.0026913604512158,0.0071652324365583,0.0320540953570904,0.00209762769064494,0.000465857748811592,0.000317354708750476,0.00039133497685079,0.00117054035292587,0.00460489873936207,4.10298451600461e-05,0.000396546372961185,0.000254482940295802,3.46253088205719e-05,0.000956551538180283,0.000178080761526133,9.6333440420232e-05,0.0027477076335416,0.00150329762101056,0.00345474436754989,0.000390998372678446,0.000920098890807052
34,0.00109527565441633,0.0055486956586186,0.00177826631868007,0.00168877000864364,0.00243976110168268,0.00160887144762182,0.00153698638593062,0.00253930170055412,0.00390944995853377,0.000944333421915421,0.00323731312167727,0.00816552870768071,0.0341743582123777,0.00236682062524153,0.00054541925564345,0.000393052297866549,0.000509438910261506,0.00154147784164658,0.00529877726713041,7.29819752861357e-05,0.000599880757455529,0.000369438424116553,5.43704875612866e-05,0.00117793380342786,0.000236600433855199,0.000148474710446123,0.00322907719420998,0.00189084235807213,0.00402680235366898,0.000543788877306889,0.00119798320729906
35,0.00120262567942296,0.00586294119720633,0.00200961760582029,0.00201964903372665,0.0027476886681054,0.00161183152357111,0.00179549673925595,0.00336786975569481,0.0049932922880099,0.00131129815530991,0.00388421548401166,0.00927889749613475,0.0363436990752854,0.00267046434542224,0.00063855650674385,0.000486675484697383,0.000662602586730439,0.00201976837651025,0.00609657089894331,0.000126917851423912,0.000894162405567195,0.000530504805775291,8.45061790758086e-05,0.00144602289313462,0.000314218827098244,0.00022589333364652,0.00379427429167251,0.00236818266400433,0.0046917574465222,0.000748539708909949,0.00155434304205445
36,0.00132135613920042,0.00619593201779695,0.00226993239630567,0.0024012383124369,0.00309355930338191,0.00161834743785606,0.00209687623817041,0.00443289200800654,0.00635441977371725,0.00180126733153014,0.00464799396876558,0.0105032176017103,0.0385556444784408,0.00301294122020604,0.000747581024507483,0.000602409587413138,0.000860943278084092,0.00263257832188943,0.00701363485780675,0.000215813316328209,0.00131303273771078,0.000753455019147022,0.000129955907413423,0.00176918861064956,0.000417077728301624,0.00033911948479279,0.00445767259050569,0.00295232349473978,0.00546407059644525,0.00101970703125782,0.00200875866627753
37,0.00145259067030902,0.00654866388597598,0.00256237042340232,0.0028381901808925,0.00348179446946579,0.00162849750829162,0.00244802241704204,0.00578886392948727,0.00805241205648182,0.0024475345232996,0.00554635210059552,0.0118289622600746,0.0408034595649296,0.00339918357085486,0.000875195872591035,0.000745389956866972,0.00111735380433972,0.00341251554193475,0.00806752652815853,0.000358877427677658,0.00189923530869269,0.0010582935254008,0.000197659373717445,0.00215683861980266,0.000553230929694796,0.000502147657659671,0.00523600667707436,0.00366216177422321,0.00636024160870285,0.00137456322567343,0.00258452384680654
38,0.00159756914093,0.00692219502581727,0.00289025159063349,0.00333496597812334,0.00391726115016462,0.00164238523143248,0.00285686967433219,0.00749820207389478,0.0101543489783045,0.00328949679883386,0.00659877505424765,0.0132385927913152,0.0430802492864903,0.00383474050912888,0.0010245611190264,0.000921905250757072,0.00144819263899216,0.0043982077842202,0.00927829969972382,0.000583709005480035,0.00270565068066082,0.00146993766112185,0.00029722836615587,0.00261940812547711,0.00073319614794096,0.000733128152133662,0.00614870996837508,0.00451825657631866,0.00739902438350212,0.0018333339922971,0.00330883657329513
39,0.00175765924212167,0.00731764869480329,0.0032569919852143,0.0038957040038345,0.00440529738733176,0.00166014083699396,0.00333251999362993,0.00963080034109003,0.0127333279396038,0.00437279356794069,0.0078264753131294,0.0147084806481679,0.0453790645474966,0.00432585224211269,0.00119936987442198,0.00113963854532819,0.00187411005077948,0.00563475164672306,0.0106688310956797,0.000928760961811195,0.00379585317120242,0.00201883999581162,0.000441732664461749,0.0031683014410712,0.000970636574562639,0.00105499229695866,0.00721827560631999,0.00554243679677884,0.00860163936056204,0.00241919767366332,0.00421275873402219
40,0.00193436916706236,0.00773621597945593,0.00366601345364806,0.00452408153217529,0.00495173345148444,0.00168192317800729,0.00388538129048134,0.0122629344887428,0.0158657259209373,0.00574909170938189,0.00925226574768894,0.0162137355932887,0.0476930111614735,0.0048795324654093,0.00140393644982704,0.00140795068921467,0.00242101876824076,0.00717394448496868,0.0122651803437459,0.00144593132832279,0.00524392466073716,0.00274147560885945,0.000648602619282469,0.0038157743751773,0.00128318173289588,0.00149590146827538,0.00847062715588241,0.00675723107548321,0.00999197202514984,0.00315810287525304,0.00533084014295169
41,0.00212936149072051,0.00817915881301467,0.00412062659246146,0.00522317638929463,0.00556290647598602,0.00170792199372232,0.00452731034261361,0.0154753816957072,0.0196269872345748,0.00747541833122452,0.0109003467212905,0.0177344102540826,0.0500153594778189,0.00550365944036554,0.001643298328701,0.00173820947700605,0.00312120718128346,0.00907419393341407,0.0140969836447591,0.0022029730941827,0.00713325375965409,0.00368060157171071,0.000940612936486166,0.00457474744640945,0.00169338149157839,0.00208938289854043,0.00993547569903267,0.00818512019345387,0.0115967421810725,0.00407836415399477,0.00670029855025157
42,0.00234446836841325,0.00864781321920115,0.00462389267499992,0.0059953343862891,0.0062456658672913,0.00173836058939729,0.00527175563153949,0.0193506617046562,0.0240858923756375,0.00961295550802037,0.0127959952456148,0.0192601709566234,0.0523396526023459,0.00620707628635884,0.0019233337730396,0.00214416651431985,0.00401457537156873,0.0113999864293687,0.0161978800660982,0.00328527801597309,0.00955408502675965,0.00488518390834667,0.00134688366780172,0.0054585423892589,0.00222975710901073,0.0028739997052559,0.0116466246041066,0.00984763286245714,0.0134456237056582,0.0052100051613188,0.00835966235429323
43,0.00258170817832598,0.00914359278887293,0.00517847835353916,0.00684204937352871,0.00700736623192513,0.00177349898533418,0.0061338933267182,0.0239693751760853,0.0292975528506463,0.0122252396150833,0.0149651470074724,0.0207913479480698,0.0546598112708508,0.00699970089879544,0.00225089695922728,0.00264238066076251,0.00514994665299666,0.0142207915829419,0.0186059675076977,0.0047964684162775,0.0125996747070666,0.00640988366787917,0.00190380119012091,0.00648053845125269,0.0029278623700939,0.00389240750248212,0.0136421609776894,0.0117643298066825,0.0155712887370722,0.00658383479028852,0.0103468243326542
44,0.00284330374020516,0.00966799239933106,0.00578652681400725,0.00776386277166768,0.00785584395395203,0.00181363759704496,0.00713074702190922,0.0294057136664273,0.0352957581000611,0.0153757529180377,0.0174338664739315,0.0223366711992448,0.0569702336318016,0.00789264570340033,0.00263397252516904,0.00325268216297758,0.00658636704264194,0.0176092886394258,0.0213642827927171,0.00685716316442965,0.016361061221021,0.00831400254602304,0.00265572761890004,0.00765375065165587,0.00383118943128976,0.00518968389603865,0.015964441501788,0.0139517449214642,0.0180093439240053,0.00823026437362855,0.0126965274050478
45,0.00313170224999151,0.0102225921893594,0.00644957739844421,0.00876028908914761,0.00879937294993283,0.00185912151952039,0.00828127866030404,0.0357223380076637,0.0420856964041097,0.0191249559104142,0.02022770633696,0.0239096414371238,0.0592658884420259,0.00889834714447672,0.00308185124769499,0.00399866441842708,0.00839424994541836,0.0216388300415649,0.0245212968065658,0.009601314846403,0.0209206622807571,0.0106598134454788,0.00365533732608659,0.00899033929362496,0.00499164451278248,0.00681088546352839,0.0186597383052805,0.016422371620191,0.0207981199390591,0.0101779014960357,0.0154374049997335
46,0.00344959707797141,0.0108090618069103,0.00716856776200296,0.00982977314021019,0.00984659457701551,0.00191034550151999,0.00960643439142882,0.0429649538030673,0.0496383526820966,0.023526881249765,0.0233709651936792,0.0255253374579928,0.0615424004660804,0.0100307043333735,0.00360532817138139,0.0049081800772519,0.0106561528455463,0.026380109660412,0.0281314108264208,0.01316968835464,0.0263451414203129,0.0135102448586272,0.00496340161717858,0.0105010681286479,0.0064691851567899,0.00879788861809471,0.021777357631812,0.0191837925471928,0.0239782696814309,0.0124519859812928,0.0185888165604534
47,0.00379995158589007,0.0114291649508962,0.00794394356411917,0.0109696834554764,0.0110064162542143,0.00196775971096394,0.011129125014763,0.0511570325386547,0.0578879048215587,0.0286254860296007,0.0268858612605529,0.0271984115989734,0.063796127183378,0.0113052255906355,0.00421692375140743,0.0060138042776419,0.0134668901495533,0.0318970814299449,0.0322554335792312,0.0177003933190085,0.0326782038278803,0.0169259499128943,0.00664784588011728,0.0121947368955922,0.00833008237498143,0.011185696370048,0.025367984436234,0.0222380478937518,0.0275921266303948,0.0150727624366914,0.0221578293199916
48,0.00418602512614901,0.0120847642340391,0.00877587897366087,0.012176344793819,0.0122878731868947,0.00203187641031377,0.0128741164515348,0.060295207821273,0.0667330959612012,0.0344510272348494,0.0307916495185574,0.0289421893462238,0.0660242262347465,0.0127391806154656,0.00493112727581793,0.00735320984570956,0.0169326010259135,0.0382422751247178,0.0369610089061807,0.023316883336985,0.0399341331081005,0.0209618676929864,0.00878193593791649,0.0140776214681646,0.0106432117857714,0.0139985230735544,0.0294809523321473,0.0255813200302451,0.0316827742695156,0.0180539070053519,0.026136768846043
49,0.00461140139340964,0.0127778264004315,0.00966458182951317,0.013445110821296,0.0136999478015096,0.00210327768178735,0.0148678018145847,0.0703458926068406,0.0760428694340448,0.0410167724303438,0.0351037191534317,0.0307684841545194,0.0682247133703639,0.0143517545929361,0.00576465974885949,0.0089693774661204,0.021168321928689,0.0454517708333973,0.0423229481217524,0.0301144283692676,0.0480929173197336,0.0256634681413892,0.0114415175147551,0.0161529603689309,0.0134738929681002,0.0172460767978297,0.0341601182340461,0.0292039814736818,0.0362927824317759,0.0214011392677349,0.0305017616643758
50,0.00508001930529828,0.0135104279397185,0.0106106313283642,0.0147704760506562,0.0152513422730033,0.00218262436697266,0.0171378238370924,0.0812435973278816,0.085665679418957,0.0483163716024295,0.0398327164516458,0.0326877680379125,0.0703965109836111,0.0161641985468915,0.00673675021084967,0.0109105393789591,0.0262935907748249,0.0535402063504171,0.0484233910246121,0.0381466281426982,0.0570977027294555,0.0310629504539643,0.0147013348936461,0.0184205288036937,0.0168752110052072,0.0209205148878362,0.039438084462043,0.0330910137947759,0.0414625791660987,0.0251111499499755,0.0352126045805885
51,0.00559620659404067,0.0142847611500135,0.0116152857239807,0.0161462241800884,0.016950201053193,0.0022706664146139,0.0197125156865276,0.092891278329535,0.0954410996927766,0.0563221880510643,0.0449837442893364,0.0347094670233419,0.072539487621621,0.0181999674586186,0.00786941470059247,0.0132297309740795,0.032425674658197,0.0624962805584201,0.0553516525618881,0.0474138998234376,0.0668550580640749,0.037175723766588,0.0186305844396874,0.020876339750923,0.0208775431280137,0.0249945294484822,0.0453287323444311,0.0372227635502393,0.047228449614364,0.0291709593514091,0.04021412157841
52,0.0061647162942585,0.0151031407143219,0.0126807081180334,0.0175656081811927,0.018803782778963,0.00236825486492125,0.0226201308304628,0.105162828129345,0.105211903394568,0.0649848145416098,0.0505556918985672,0.0368422629880519,0.0746544891464195,0.0204848338316981,0.00918772018299948,0.0159838059494681,0.0396702112083208,0.0722792571278802,0.0632034466112489,0.0578558872597873,0.0772381698964256,0.0439975234308088,0.0232879991243262,0.023512505595723,0.0254780787379339,0.0294209171106299,0.0518184943371306,0.0415759649248899,0.053620188131893,0.0335577906787889,0.045438941971874
53,0.00679076631325989,0.015968010870969,0.0138100848206104,0.0190215559994003,0.0208180845182684,0.00247635573974573,0.0258878401415879,0.117907568726422,0.114834811580307,0.0742338922739404,0.0565407468267324,0.0390943535974865,0.0767433624756207,0.0230469591586427,0.0107200061299592,0.0192317654820645,0.0481094203673183,0.0828169464500511,0.0720787460121203,0.0693493194173951,0.0880926918309694,0.0515024952878628,0.028716887029255,0.0263172835499766,0.0306330841370393,0.0341338124267178,0.0588575386700243,0.0461249335309881,0.0606584767797079,0.038239499834608,0.0508114047161169
54,0.00748008226827964,0.0168819532780671,0.0150076406337175,0.0205068946550397,0.0229974260868059,0.00259606615662726,0.0295404883398024,0.130956371792345,0.124188561026013,0.0839802194007142,0.0629241344448318,0.0414736581999524,0.0788089730557727,0.0259168987388901,0.012498023415774,0.0230322707925665,0.0577885790119026,0.0940055400054503,0.0820763900322813,0.0817120351285653,0.099244619364725,0.0596425102733543,0.0349406316530991,0.0292753145575253,0.0362559093182329,0.0390515467537353,0.0663529727880205,0.050842825207718,0.0683521202602759,0.0431755539383963,0.0562521193092172
55,0.00823894376949677,0.0178476956963441,0.0162785771021759,0.0220145849436235,0.0253440080886025,0.00272863304258191,0.0335991233253518,0.144128849108128,0.133178633091029,0.0941190030199528,0.0696841190927229,0.0439879731653826,0.0808552174134551,0.0291275060803404,0.0145569333204823,0.0274402635482575,0.0687020939721029,0.105711496524051,0.0932805442970836,0.0947128664275624,0.110509329562538,0.0683478581902404,0.0419591791127529,0.0323680500460124,0.0422227310824361,0.0440808768868368,0.0741669330727035,0.0557028579815333,0.0766953289483889,0.0483185015695659,0.0616826343434408
56,0.00907423431739474,0.0188681216448217,0.0176289681413605,0.0235379588619919,0.0278574641447291,0.00287547489235901,0.0380793412417798,0.15724096417362,0.141738682101625,0.104533994985671,0.0767922856913537,0.0466450852924849,0.0828870322895895,0.0327136913015942,0.0169350888521204,0.032502719869838,0.0807811189439492,0.117775456897188,0.10572667918307,0.108086093325916,0.121700848501723,0.077529327949447,0.0497469720707671,0.0355743456218793,0.0483858123752372,0.0491221530497066,0.0821223908238212,0.0606794120095859,0.0856652987120586,0.0536158350893534,0.0670296929625703
57,0.00999349496714021,0.0199462812212832,0.0190656443103286,0.025070952322954,0.0305344349544523,0.00303820709795259,0.042989526003752,0.170112422065349,0.149829223518064,0.115102174909901,0.0842141027199914,0.049452852360998,0.084910401992908,0.0367119733651712,0.0196734976773499,0.0382537143530545,0.0938850307555399,0.130017932136155,0.119319104510624,0.121548499939812,0.132640487618557,0.08708153425817,0.0582526444313653,0.0388711875265596,0.0545914865737595,0.0540748959271353,0.0900180408258127,0.065748946892063,0.0952203762710535,0.0590121149082201,0.0722286726104163
58,0.0110049818900528,0.0210854033259273,0.0205960877075808,0.02660832661747,0.033368198559497,0.00321867147402444,0.0483291012212879,0.182573288270104,0.157434411424726,0.125698613141364,0.0919097486188552,0.0524192586156447,0.0869323657120404,0.0411597489744003,0.0228148443557306,0.044709159946455,0.107798995156338,0.142246308101667,0.133654909828119,0.134816826834595,0.143164185452878,0.0968872218733591,0.067400585571616,0.0422345080056517,0.0606984338693704,0.0588432399244014,0.0976507179234894,0.070890703187193,0.105299107994234,0.0644512105169524,0.0772259761134906
59,0.0121177279317502,0.0222889095841749,0.0222283491835424,0.0281458733627878,0.0363483963481824,0.00341897072071988,0.0540869492270769,0.194469440889292,0.164557769511565,0.136201162815872,0.099835165910733,0.0555524512711286,0.0889610266058994,0.0460941830227621,0.0264019366616401,0.0518617880545087,0.122239183373325,0.154262578712476,0.147766077819781,0.147623633125738,0.153128147381618,0.106822188658933,0.077094254458941,0.0456400407483105,0.0665919626621984,0.0633407670258505,0.104840491145957,0.0760871808500357,0.115820436174743,0.0698785141735296,0.0819803182085062
60,0.0133416082269813,0.0235604303358701,0.0239709913641771,0.0296805992402131,0.039460896648819,0.00364150870490867,0.0602401784054207,0.205666639452109,0.171217613095921,0.14649468537845,0.107943292528526,0.058860762554453,0.0910055645531785,0.0515506100748135,0.0304754490229768,0.0596770913021224,0.136866000359259,0.165871176859867,0.160118709045764,0.159730131301569,0.16241263537121,0.116760429942661,0.0872209151800223,0.0490641675709929,0.0721917585160789,0.0674943792976326,0.111451807114806,0.0813244085072714,0.126685223773756,0.0752429985376755,0.0864630000051107
61,0.0146874098813109,0.0249038231462578,0.0258330558152659,0.031210888572153,0.0426878359330205,0.00388903760765947,0.0667534273528119,0.216053164743897,0.177442697176114,0.156474594749018,0.116185409504168,0.0623527205148761,0.0930762544882726,0.057560330293106,0.0350708836301859,0.0680910077906955,0.151304219414826,0.176886319999059,0.169467524364387,0.170935249332171,0.170923978482408,0.12657912062169,0.0976573140225564,0.0524847121648756,0.0774528873399325,0.0712470080485288,0.117405168664833,0.0865920323939723,0.137779160020676,0.080499015639964,0.090657363172299
62,0.0161669056686385,0.0263231944030079,0.0278240501890403,0.0327366436120705,0.0460078706764756,0.0041647131851302,0.0735788747231712,0.225541123456419,0.183268415373559,0.166049596066159,0.124512539238026,0.0660370508433878,0.0951844922871912,0.0641476982258509,0.0402147781084652,0.0770100262631807,0.165167593864205,0.187138407173956,0.175878946780288,0.181080827627484,0.178595028723805,0.136163109811446,0.108275747656158,0.0558816450289436,0.0823616379734654,0.0745591053081827,0.122677405930367,0.0918832622295438,0.148976940459955,0.0856077668041426,0.0945576618411734
63,0.0177929316201842,0.0278229246979207,0.0299539505477269,0.0342594042325459,0.0493966604151175,0.00447215962840034,0.0806570727563214,0.234066606638775,0.188733697834084,0.175143581680803,0.132876829241532,0.0699226712099519,0.0973428301971174,0.0713264567912584,0.0459203750091316,0.086314114471491,0.178084727857749,0.196479165614056,0.180355444313205,0.190053351135797,0.185384371101511,0.145408690536303,0.118949986248168,0.0592376743401036,0.0869285312731424,0.0774089874997197,0.127292575378022,0.0971947141145453,0.160147451697548,0.0905384069449556,0.0981675914353597
64,0.0195794682946924,0.0294076988575486,0.0322332144453864,0.0357824504244174,0.0528275850016558,0.00481554579264517,0.0879186424649405,0.241588940331646,0.193878628715586,0.183696719544313,0.141232862055817,0.0740186790943767,0.0995650238306292,0.079095384935356,0.0521832301255466,0.0958624494452994,0.189722946547445,0.20478541433702,0.183845992543447,0.197782902811988,0.191274620617964,0.154226506528328,0.129560600682003,0.0625387090359327,0.0911806286599448,0.0797921907023071,0.131307862180226,0.102526189045941,0.171159553982061,0.0952687781950681,0.101498684034411
65,0.0215417254214839,0.0310825416908474,0.0346728011902354,0.0373108926166414,0.0562726780903332,0.00519967490631134,0.0952867687491567,0.24808927679991,0.198742724960535,0.191665821803591,0.149538841963505,0.0783343337071974,0.101866092772615,0.0874335289784225,0.0589775297132935,0.105501446042241,0.199807558012635,0.211961460709602,0.186905944911868,0.204240119385052,0.19627011904815,0.162543553696072,0.139999373766196,0.0657741915039171,0.095154592077529,0.0817200494634926,0.134798926306583,0.107880421376231,0.181887971914323,0.099785794375418,0.104568734317549
66,0.023696229498986,0.0328528607726428,0.0372841966645292,0.0388517562707934,0.0597037370337443,0.00563009027694203,0.10268033045313,0.253568756042237,0.20336377834059,0.199024113134455,0.157757621746702,0.0828790323317449,0.104262396875636,0.0962955831837526,0.0662541089209272,0.115074161401105,0.208134973535024,0.217940255170338,0.189799676960423,0.209431884727218,0.200394298445775,0.170304313617022,0.150172622129736,0.0689373069778551,0.0988912059199734,0.0832177308629456,0.137847684175722,0.113262825846628,0.192218792473778,0.104085517973999,0.107400370829042
67,0.0260609138143055,0.0347244978895189,0.040079440990196,0.0404140685010524,0.0630935498937691,0.0061131999939551,0.110017413105506,0.258046431263607,0.207777150596516,0.205760531275242,0.16585754660251,0.0876622812388212,0.106771730346889,0.105608342667834,0.0739411652834882,0.124429912569194,0.214579295391846,0.222683492462508,0.192642322010138,0.213396370402341,0.203686921884915,0.177471114262942,0.160003392732593,0.0720250844079689,0.102431508206334,0.0843219499043447,0.140533740855918,0.118681265785238,0.202054131958584,0.108172984724202,0.11001984244224
68,0.0286552102291465,0.0367037911522022,0.0430711581532886,0.042008955649865,0.0664171664402169,0.00665642420351981,0.117218898756144,0.261557108903779,0.212015416286536,0.211878690458228,0.173813106009049,0.0926936612106746,0.109413435753421,0.115269467359568,0.0819483048797215,0.133432946423802,0.219092902674162,0.226180867965077,0.195482198572894,0.216197879118018,0.206201356041503,0.184023847891465,0.169432608071766,0.0750384089446502,0.105814351682971,0.0850785695568596,0.142929369129241,0.124145859427908,0.211315655136199,0.112061838107401,0.112456053779128
69,0.0315001419615297,0.0387976502407082,0.0462725874612034,0.0436497618632268,0.0696531344816742,0.00726836921179651,0.124211819240499,0.26414921127745,0.216108261576787,0.217395626730217,0.181605396702823,0.0979827876476737,0.11220854008468,0.125149878945861,0.0901738251898798,0.141969234205779,0.221702124185258,0.228448684947582,0.198339290351796,0.217921800729764,0.208001981538895,0.189959190186589,0.178419309146611,0.077981969326742,0.10907508301317,0.0855402562776055,0.145097276024569,0.129668836538404,0.219946785167303,0.115773838197927,0.114739857269327
70,0.0346184164925465,0.0410136478134799,0.0496976174592321,0.0453521998288057,0.0727846270120489,0.00795903347642653,0.130932197695005,0.265882732805943,0.220082564155815,0.222340426974589,0.189222410197672,0.10353926521117,0.115179915000954,0.135100732525722,0.0985142140370862,0.149950849974276,0.222499291022814,0.229527975740185,0.201221822362259,0.218669871514428,0.209161808487644,0.19528946300057,0.186940185104086,0.0808641646971507,0.112245017670351,0.0857643254474113,0.147090254014062,0.135264453779972,0.227913601938657,0.119338307498372,0.116903592895128
71,0.038034517658585,0.043360130801049,0.0533608237508707,0.0471345460517751,0.0758003991924984,0.00874005148903806,0.137327179276081,0.266827331678832,0.223962596416945,0.226752824424664,0.196659166034454,0.109372636976228,0.118352463344704,0.144964927954851,0.106874094856439,0.157317822514535,0.221632412053984,0.229482259755511,0.204133179872333,0.2185558419027,0.209760336676735,0.200041270802946,0.194988588729342,0.0836969951215474,0.115351437077751,0.0858108750083934,0.14895194399947,0.140948974655688,0.235204563171482,0.122791572052179,0.118980857889492
72,0.0417747959736471,0.0458463561438625,0.0572775131353977,0.0490178944464691,0.0786955352421724,0.00962498264948887,0.143356349442511,0.267060578188384,0.227770309305769,0.230681825167906,0.20391771712262,0.115492328129498,0.121753333872813,0.154591709731958,0.115174641447542,0.16403772125074,0.219293540576225,0.228395024686963,0.207074760055843,0.21770160348195,0.209881681180892,0.204254023134624,0.202573225703029,0.0864959588509532,0.118417901926741,0.0857412724520321,0.150718156063132,0.146740718218241,0.24182927989133,0.126176450292326,0.121006485868167
73,0.0458675562920115,0.0484826565527178,0.0614637776960197,0.0510264837247123,0.0814719708196129,0.0106296534983712,0.148992237851719,0.266666368295706,0.231525667094371,0.234184414134996,0.211007056305343,0.121907584356724,0.125412165944333,0.163851584093682,0.123358950252964,0.170103483955372,0.215706701928545,0.226366991370975,0.2100471412084,0.216233796212478,0.209612972772362,0.207978435934228,0.209716681218409,0.089279977622029,0.121464739840012,0.0856170318529495,0.152418401835975,0.15266018002493,0.2478166292726,0.129541835691152,0.123016716346957
74,0.0503431421052803,0.0512806431031825,0.0659365640601575,0.0531881161760022,0.0841388028888421,0.0117725631137985,0.154220091201827,0.265733504870324,0.235247013754206,0.237324376048731,0.217942954006853,0.128627405233859,0.129361365519025,0.172648269629448,0.131393785698874,0.175530099899514,0.211116084543908,0.223513211371708,0.213050561047713,0.21428090349142,0.209043036373276,0.211275086257067,0.216453917348423,0.0920713694485478,0.1245096180518,0.0854990948051195,0.15407745264811,0.158730228836871,0.253212496832992,0.132942412974899,0.125049539904811
75,0.0552340161156338,0.0542534529613591,0.0707137651536651,0.0555346880705503,0.0867124231026693,0.0130753630848864,0.15903705831277,0.264354447853346,0.238951459812502,0.24017125685137,0.224747755946897,0.135660473186669,0.133636413217584,0.180925114697991,0.139268085887713,0.180350746923907,0.205775071967492,0.219960049438437,0.216085112122853,0.211970838616529,0.208261347997516,0.214213079192917,0.222830843820067,0.0948958867639801,0.127568151182331,0.085447512295619,0.155716847856493,0.164976383192257,0.258077416143316,0.136438541880857,0.127145210364383
76,0.0605748372947051,0.0574160523200413,0.0758143445612513,0.0581028551707661,0.0892165300175426,0.0145634252189664,0.163450961492342,0.262624236679878,0.242655284986193,0.242799483910272,0.231450167886281,0.143015078950086,0.138276204272205,0.188665114228502,0.146989262762252,0.184612885239107,0.199936594684984,0.215842117756448,0.219150821542253,0.20942902565281,0.207357269760271,0.216868873316673,0.228903037004848,0.0977828366855369,0.130654522345552,0.0855215137652683,0.157356348668776,0.171427173094959,0.262484329958414,0.140096337371532,0.129346922583383
77,0.0664025354903436,0.0607856067458984,0.0812585073103001,0.0609348607769217,0.0916820888319362,0.0162665119583834,0.16747883206922,0.260639592190416,0.246374356916584,0.245287658281501,0.238085051607813,0.150699044993558,0.143323418834285,0.195885527843909,0.154578514178042,0.188374677960597,0.193845184458845,0.211299250424454,0.222247683424971,0.206776976984405,0.206419562588891,0.219325301725975,0.234734658732774,0.100765299764044,0.133782115601768,0.085779944581406,0.159015377574776,0.178114593537643,0.266516643806782,0.14398797087912,0.131701662369933
78,0.0727563858554127,0.0643819336416606,0.0870679357973283,0.0640795583644425,0.0941473149252675,0.0182195662557686,0.171145371246408,0.258498209783793,0.250124570380246,0.247718028873518,0.244693253165661,0.158719649164578,0.148824919146953,0.202629309913787,0.162066176589157,0.19170197338023,0.187731003417727,0.206473628900744,0.22537567203796,0.204131367135596,0.205536176679692,0.221670819182927,0.240397608514345,0.103880463973629,0.136964171947629,0.0862820533794812,0.160714513409397,0.185074658313571,0.27026669101468,0.148192213319184,0.134261243428622
79,0.0796780870220197,0.0682280544441437,0.0932661160305073,0.0675936660870654,0.0966577603988008,0.0204636391785182,0.17448146810883,0.256298259874159,0.253922314786682,0.250176155894041,0.251321481078184,0.167083551966742,0.15483216733309,0.208955770250674,0.169487783458709,0.19466596886584,0.181805992237465,0.201507186515947,0.228534747046219,0.201603597498231,0.204794320277097,0.223999001443171,0.245970929623264,0.107170091933167,0.140214491990399,0.0870886155277517,0.16247713548617,0.192348064442931,0.273834683102531,0.152795236815339,0.137083554974262
80,0.0872118491073353,0.0723508675179187,0.0998787878095999,0.0715432959170191,0.099266582847316,0.0230469744503606,0.177522872288706,0.254138115316095,0.257784980907566,0.252750768929831,0.258022248708566,0.175796732626641,0.161401653744727,0.214932314454708,0.176881132111398,0.197341591063636,0.176262146186626,0.196539428147063,0.231724855544668,0.199299840181266,0.204280807993409,0.226408319830522,0.251540480481454,0.110681141433045,0.143548218072077,0.0882633874941657,0.164331333038423,0.199980979390057,0.277328184599131,0.157891687516446,0.140234052549024
81,0.0954045003756039,0.0767819664284036,0.106934563446198,0.0760058053271912,0.102035074690399,0.0260262689692998,0.180309085404531,0.25211632817422,0.261731520896619,0.255533822903755,0.26485389157284,0.184864441716536,0.168595320664047,0.220628247701897,0.184284396435988,0.199806572928227,0.171271801626639,0.191705797606016,0.234945932779866,0.197321542588898,0.204082690736051,0.229002211815281,0.257198876870364,0.114466562194073,0.146982738401206,0.0898748981625487,0.166312222407259,0.208025964844621,0.280862127171613,0.163586035308548,0.143787533292605
82,0.104305624724712,0.0815586322677237,0.11446577378431,0.0810720229856268,0.10503353136254,0.0294681262768438,0.182882506815771,0.250331880113987,0.26578307901092,0.258620752501911,0.271880666617092,0.194291182048013,0.17648095928502,0.22611086893426,0.191735175317205,0.202141181130827,0.166989715797179,0.187136710682001,0.23819790234281,0.195766368870183,0.2042881704507,0.231889466093992,0.263045706504037,0.118586295241471,0.150538766975646,0.0919985959759707,0.16846484665223,0.216543051817146,0.28455936333463,0.169994195730827,0.147830244686803
83,0.113967746083145,0.0867250327004741,0.122509618342732,0.0868488998135557,0.108342538821299,0.0334507148270397,0.185287847396428,0.248884732025286,0.269963714283928,0.262110921961929,0.279172936371398,0.204080735541015,0.185132548943905,0.231443614195446,0.199270314873047,0.204428541713221,0.16355666052111,0.182957349049847,0.2414806761564,0.1947295510674,0.204987804281506,0.235184937686028,0.269188014161542,0.123108505013595,0.15424166687102,0.0947193836595736,0.170847871837556,0.225600981574028,0.288551752384263,0.177245402216183,0.152462381132295
84,0.124446580158673,0.0923336638976627,0.131109719124047,0.0934626293976522,0.112054765761352,0.0380656330384474,0.187571810341296,0.247876699566992,0.274301240983695,0.266108261750337,0.286807435936365,0.214236262879671,0.194630496103665,0.236685822366693,0.206926351956384,0.206755521608628,0.161104228051245,0.179288284185768,0.244794154400593,0.194305622044467,0.206276004102492,0.239010603870298,0.275741051435371,0.128111077766677,0.158123101927485,0.098134583056287,0.173538340619103,0.235278624582201,0.292981767137758,0.185484278908136,0.157801022880972
85,0.13580137847075,0.0984470736572914,0.140318205665338,0.10106226137066,0.116277353155453,0.0434199661633146,0.189783029926689,0.247412682366899,0.278828218292639,0.270722075820604,0.294867614448329,0.224760516631112,0.205061716279701,0.241893703739386,0.21474046710058,0.209214144064279,0.159760557869059,0.176246976545227,0.248138225460528,0.19459050379161,0.208252838003664,0.243496963952684,0.282829278442117,0.133683421992527,0.162223124109434,0.102357378068019,0.1766377930992,0.245666583690234,0.29800460507885,0.19487302021822,0.163983562094082
86,0.148095393662547,0.105139903289226,0.15019849246673,0.109823788904122,0.121135001304509,0.0496384928062258,0.191972256615598,0.247602275605085,0.283583127572177,0.276067991717217,0.303444034270441,0.235656229618078,0.216519484725981,0.247122196772101,0.222751887583075,0.211903543713939,0.159656722869433,0.173950178667795,0.251512765999251,0.195683927351444,0.211026138960752,0.248784772705499,0.290587593272133,0.139928605775184,0.166592831949044,0.107520778768419,0.180280107232016,0.256868975981371,0.303790775711354,0.20559351558686,0.171171633236395
87,0.161396497771822,0.112501279863309,0.160828948204502,0.119954613110353,0.126773858159776,0.0568659573638158,0.194192778765555,0.248561793151406,0.288611784160638,0.282269009241577,0.312634799711588,0.246926772477388,0.229102961409081,0.25242753557406,0.231003735510026,0.214932499996747,0.160933543250297,0.172517265191893,0.254917641362873,0.197692162366758,0.214713920485451,0.255027075539527,0.299162745427469,0.146965859558277,0.171297770458602,0.113782126450393,0.184641424927521,0.269005366652108,0.310529109150815,0.21784915729239,0.179555507054609
88,0.175777984906456,0.120637575388801,0.172307696036045,0.131698152875338,0.133366304235447,0.0652692637312271,0.196501076408131,0.250416730034632,0.293969041243287,0.289456579676873,0.322545971363774,0.258577223211029,0.242916273287923,0.257870487429245,0.239545368400103,0.218422624614592,0.163748604789196,0.172074519202028,0.258352706817754,0.200731032034822,0.219447086255561,0.262391478112277,0.308714857753101,0.154933456337604,0.176422285062181,0.121328105275121,0.18995247359467,0.28221279275629,0.318430077549636,0.231865925019391,0.189358799752633
89,0.191319584230549,0.129675519611137,0.184758818205444,0.145338150924289,0.141116694886721,0.0750393597814395,0.19895771027664,0.253304686269626,0.299720856239335,0.297771614069376,0.333291900673815,0.270616065735724,0.258067013827382,0.263520347017338,0.248435311112373,0.222512318770066,0.168283221014968,0.172760420907948,0.261817810858128,0.204929178669168,0.225372395580932,0.271062527012447,0.31941893160285,0.163991948073284,0.182075090279177,0.130380122596856,0.196513389723646,0.296647757222294,0.327729224001943,0.247892143385992,0.200843163697706
90,0.208108694699904,0.139765599821088,0.198340249678373,0.161201891299992,0.150268036494351,0.0863924662534346,0.201628458849598,0.25737875953292,0.305946805527029,0.30736527266889,0.344995390383504,0.283057846824551,0.274663999037782,0.269459896689473,0.257744930324628,0.22736165715164,0.174748969898069,0.174732005175997,0.265312803669923,0.210431519972154,0.232655601756322,0.281243991550528,0.33146613453437,0.174327676908249,0.188396363440646,0.14119974008689,0.204710669946642,0.312487983659703,0.338690329356203,0.266196053305266,0.214312325428967
91,0.226241824227977,0.151085592288973,0.213253602055884,0.179661053571798,0.161109401208323,0.0995701551247705,0.20458572722223,0.262811383541783,0.312743150926166,0.318399325015194,0.357787548130388,0.29592729051623,0.292814106111095,0.275791672151395,0.267563058619503,0.233158393459298,0.183393227354536,0.17817236674696,0.268837558445676,0.217402788031371,0.241484605504271,0.293160706782498,0.345064559153002,0.186156377679215,0.1955667126535,0.154093545566075,0.215034907263197,0.329933586003619,0.351607684261075,0.287060035027937,0.23011437627089
92,0.245826165160719,0.163843929627228,0.22975599892536,0.201128261562028,0.173983567303503,0.114837604721759,0.207910263765082,0.269798530660211,0.320226580034007,0.331045788509443,0.371807151165736,0.309265624028298,0.312618022313872,0.28264602596853,0.27800183604181,0.240125306245373,0.194502786223778,0.183299374747049,0.272392024740247,0.22603096053924,0.252072346757403,0.30705944976397,0.360438985155602,0.199726523561721,0.20381836987114,0.169416408490019,0.228096221758667,0.349207106550108,0.366806434214338,0.310770010149207,0.248640560513143
93,0.266981154215743,0.178282397253842,0.248173616130277,0.226046561324151,0.189293826410546,0.132479167033398,0.21169323332919,0.278564093502124,0.328538759279966,0.345485451788301,0.387199279064156,0.323140249418533,0.334164758295742,0.290191675736834,0.289204101285702,0.24852909199941,0.20840417637092,0.190375575206788,0.275976361717114,0.236530262051027,0.264658977242195,0.323208060384085,0.377828964805201,0.215321813034503,0.213448869424879,0.187571421697935,0.244631439378142,0.3705515929174,0.384639395026108,0.33759832473571,0.270317940364242
94,0.289839733814371,0.194677350955748,0.268915816060876,0.254868212481057,0.20750802142506,0.152790212172962,0.216038708391625,0.289364085166764,0.337851846821835,0.361904771562197,0.404112899786049,0.337659455022898,0.357524843857921,0.298649678989773,0.301352724429651,0.258690921290159,0.225458708322669,0.199719052005037,0.279591270578941,0.249143214757507,0.279512594045711,0.341891678282647,0.397484282572906,0.233261824160531,0.224837183405296,0.209003990020529,0.265492962657479,0.394225506109832,0.405477988308139,0.367778448397696,0.295592335229794
95,0.314548834838865,0.213338245733992,0.292487246300385,0.288018624473731,0.229156570766804,0.176064130121272,0.221066650368896,0.30249001540822,0.348375098657896,0.380490510299604,0.422697017840297,0.352994666150216,0.382742238920934,0.308312108463924,0.314682306399377,0.270998521771725,0.246049639626673,0.211714587466501,0.283238823515116,0.264140935863739,0.296927454469398,0.363404563455452,0.419656528093105,0.253899348015901,0.238461603578508,0.234186558065388,0.291604476839384,0.420492786320914,0.429694094541794,0.401470383339564,0.324897121696412
96,0.341268318656733,0.234601779118013,0.319492631905637,0.325841641260705,0.254819475902997,0.202573471416303,0.226916459187244,0.318270365719339,0.36036263931235,0.401421384574126,0.443094923846234,0.369413842954544,0.409825169153641,0.319567104340898,0.329493626344471,0.285919092960893,0.270558425949663,0.226823669836933,0.286924529919689,0.281820502304431,0.317218135068959,0.388035562269901,0.444585220624494,0.277612260939594,0.254917255493336,0.263589623790201,0.323865366342394,0.449605909268988,0.457628910663323,0.4387171051946,0.358603454580518
97,0.370167234329214,0.258819451663266,0.350624824726489,0.36852463664193,0.285095322443244,0.232544630290866,0.233751164201765,0.33706845407799,0.374122308858664,0.42485596958755,0.465436045604656,0.387331017474519,0.438736338163857,0.33293238231615,0.346170988236037,0.30401124584526,0.299327165868746,0.245590540707948,0.290662483651996,0.302497746079784,0.340707583486553,0.416045019707828,0.472476751439305,0.304787078080293,0.274928505862529,0.297634501227211,0.362988905996212,0.481779403462891,0.489544879785965,0.479394956419136,0.396949257459452
98,0.401415771618306,0.286336004645594,0.386621017730316,0.416007117066686,0.320543821956578,0.266126358645835,0.241762303210728,0.35927412636315,0.390025151330527,0.450916232584557,0.489824930078155,0.407378273637139,0.469383265075722,0.349099415426704,0.365201981333683,0.325932116193496,0.332605670032795,0.268639348526744,0.294488171052671,0.326493368089578,0.367706562226989,0.447631099609837,0.503474586450857,0.335790758562109,0.299347079347812,0.336624692468652,0.409276239169702,0.517151398102031,0.525558402224754,0.523164695355222,0.439949224889997
99,0.435170780066258,0.317456326369456,0.428166436806233,0.467885262311383,0.361594142177783,0.303353839156858,0.251175470591562,0.385285688203748,0.408514419240675,0.479666453646053,0.516327039746982,0.43050636677665,0.501609813482504,0.368989626701036,0.387197698005092,0.352432327341326,0.37048473739966,0.296654475008475,0.298490258567757,0.354109919932752,0.39848185699142,0.482884491189302,0.537620035005847,0.370927341099294,0.329120117399414,0.380656901608543,0.462363977384435,0.555731897624189,0.565555655552505,0.569434216347509,0.487296936673586
100,0.471552343089552,0.352399497861305,0.475724274416231,0.523335751189411,0.408416814134975,0.344111982763554,0.26225638062099,0.415477526688462,0.430111675816625,0.51108805650564,0.544951397877514,0.458114467455113,0.535190252261527,0.393820067222213,0.412908370246055,0.384326159526524,0.412822542910981,0.330332571235572,0.302888991948066,0.385597297686983,0.433211263862029,0.521732891305487,0.574804869684399,0.410377304444715,0.365204749815922,0.42952060344937,0.521030423414323,0.597339414047974,0.609102516526483,0.617347160584579,0.538281996056318
101,0.510608989349615,0.391241215807209,0.529285362655761,0.581090858361667,0.460770322680894,0.388103724852952,0.275317040376781,0.450148526577325,0.455415287941503,0.545052101570749,0.575630739998731,0.492186599050118,0.569827330841801,0.425164531907744,0.443223427693392,0.422417447239653,0.459177893593128,0.37029219903711,0.308226589865588,0.421105384923547,0.471925402375833,0.563880875112083,0.614720527489315,0.454121113964115,0.408401634625921,0.48260614634586,0.583174047649548,0.641533069416055,0.655371661592122,0.665811251973608,0.591755316746831
102,0.552270289532284,0.433850202375956,0.5880740605791,0.6394958071798,0.517855105835451,0.434830715160979,0.290721187004578,0.489447721566626,0.485082820970505,0.581292857216402,0.608200767768607,0.535343899128094,0.605155759464536,0.464966868318014,0.479134509478929,0.467356027544229,0.508770205771063,0.416928602359352,0.315812083957373,0.460624952855893,0.514440447562502,0.608756605024157,0.656813439998171,0.50185498736748,0.459090136697196,0.538852116134005,0.64604564580189,0.687555289716258,0.703121055371775,0.713573937767663,0.646176131495486
103,0.596288650669685,0.479829958682162,0.650319113109682,0.696662171061416,0.578231171144271,0.483594017841705,0.308887418612122,0.533278210581741,0.519783213319236,0.619387698818584,0.642381313530294,0.590554662362622,0.640752075464892,0.515399028459284,0.521624187398836,0.519402642695243,0.560487499005341,0.470212806489306,0.328662737753113,0.503922319554215,0.560292077255402,0.655482777484453,0.7002611336354,0.552916127930893,0.516888164362973,0.596766121736915,0.706709253275528,0.734308781941248,0.750759290732782,0.759340601021212,0.699757195446303
104,0.642177829496025,0.528482587619301,0.713261683232975,0.75069874694593,0.639864547357037,0.533520423845669,0.330287322408571,0.581189774692731,0.560097722075682,0.658749994268996,0.677763504607429,0.659950539738587,0.676151126488223,0.578343132077994,0.571426397368246,0.578106654485053,0.612956603130255,0.529462130157329,0.353018067639788,0.550479379962413,0.608688164915671,0.702892032583429,0.743986579105408,0.606243787004746,0.580337267720604,0.654541477749591,0.762581316885546,0.780395653519333,0.796514852942622,0.801915735742424,0.750690520205645
105,0.689163886606227,0.578813237516417,0.77354238588043,0.799966838004897,0.700342261140175,0.583615487485575,0.355434293682135,0.632284859247535,0.606344026895187,0.698641728995853,0.713807940828222,0.742095630540804,0.710868386224472,0.654168633829789,0.628606180566713,0.641966745296855,0.664673381038871,0.593152639138684,0.398975328112796,0.599456877194022,0.658502885025816,0.74960251144553,0.786725251018158,0.660405784476787,0.646796647764076,0.710263335455871,0.811847984731031,0.82423912036677,0.838687257991332,0.840336651087009,0.797399126745999
106,0.736172598318127,0.6295885617316,0.827925008637994,0.843290310985862,0.757230740632831,0.632838249661893,0.384856714003924,0.685177523714033,0.658305484904323,0.738210496153177,0.749858844808601,0.828485312267957,0.744426224469106,0.739677203551865,0.691972918408511,0.708243010457177,0.71417008104424,0.658883811091182,0.475644884420914,0.649701869496383,0.708333103924667,0.794154706633962,0.827147719086737,0.713710634446162,0.71273009128151,0.762161389351095,0.853629998402705,0.864284382798202,0.87591447516699,0.873968731400813,0.838743062285443
107,0.781880079864237,0.679449248483692,0.874068290949779,0.880064725550723,0.808477294371808,0.680186681651162,0.419047198249527,0.738050527194406,0.714886266044494,0.776550761978718,0.785177476612622,0.904010696851001,0.776381347256934,0.826246534153731,0.758531571967323,0.773150582396865,0.760181629140879,0.72359994924961,0.579890106220862,0.699815991833596,0.756625086650963,0.835188834218174,0.864021541746704,0.764400417861097,0.774404773187578,0.808841958447027,0.887896555421797,0.899239654538697,0.907371653204052,0.902542449686533,0.874123728774605
108,0.824843025132625,0.727058654953999,0.91097662917334,0.910247880228724,0.852720298597857,0.724779437476252,0.45837904827495,0.788838811625995,0.773802657741477,0.812782791636713,0.818994541189768,0.955967684246007,0.806350171574038,0.901124939090408,0.823452058616569,0.832564786983029,0.801771440944828,0.784083906999956,0.692787592935915,0.748286778825309,0.801856514539642,0.871621991712781,0.896377003524221,0.810886327560359,0.828751151006882,0.849436502090751,0.915227458335895,0.928288734933459,0.932839419208367,0.926130256908358,0.903471196376166
109,0.863697863774667,0.771254861487938,0.938957009373394,0.934254869137254,0.88941171340092,0.765920059211224,0.502984482701125,0.835523016720984,0.831544579933677,0.846136384499944,0.85057635637339,0.983469567351656,0.834029071246644,0.953846580005789,0.881080435243844,0.883059344013566,0.838391471051067,0.837588451687684,0.792637000130718,0.793662717347526,0.842734311682404,0.902778240335277,0.923632711342237,0.851964629000465,0.873987971325445,0.883635783193793,0.936541487079028,0.951204887482503,0.952634597906466,0.945077866152305,0.927140592119914
110,0.897382344573247,0.811170202846687,0.959207810267468,0.952804128068588,0.918741878783999,0.803134237965411,0.552600444904207,0.876460017402815,0.883886456910835,0.876023338333702,0.87929464635705,0.994821468554972,0.859207220529555,0.982930363764415,0.926879883229875,0.922789203138145,0.869873332113029,0.8823621896748,0.868216971052878,0.834732957787542,0.87835647031662,0.928438370247241,0.945646598499732,0.886952303740911,0.909758174979222,0.91162045024327,0.95287066793063,0.968329857529717,0.967448102158527,0.959912947389753,0.945765182845706
111,0.925309606244216,0.846293052251415,0.973310081657546,0.966761112176458,0.941433155259858,0.836177378735732,0.606409803582401,0.910644193524378,0.927005299741346,0.902084241915381,0.904687001875863,0.998605697739198,0.881770979830573,0.995160287966103,0.959154267815943,0.951757250987566,0.896366592908901,0.91786347606792,0.91958703348528,0.870666061396055,0.908295301146867,0.948803634260876,0.962682611524077,0.915710900842849,0.936825228400379,0.93392793604346,0.965209849742321,0.980434472771404,0.978155973100711,0.971253555522211,0.960111248568817
112,0.947434343165909,0.876465971021695,0.982829979527542,0.977010920153097,0.958495416444904,0.865016131124542,0.662935470123131,0.937812651133824,0.958764890550129,0.924201575736837,0.9264959220832,0.999667085711177,0.901700104677075,0.998985098993162,0.979277765414696,0.971405872633276,0.918249603728861,0.944621896978942,0.952171790933483,0.901074294791313,0.932587071769735,0.964394954623617,0.975310904278944,0.938568022764025,0.956578486432489,0.95130221615157,0.974436456020559,0.988517986622446,0.985657674626434,0.979731796098038,0.970962960710212
113,0.964193351918511,0.901832743611614,0.989100654607794,0.984372304302126,0.971015603389179,0.889791797759572,0.720066379742075,0.958373376838887,0.979382489256305,0.942479746935271,0.944679103366194,0.999927444334635,0.919057196401007,0.999848714377513,0.990423220620098,0.983872345560738,0.936036892503622,0.963873207803848,0.971987671286724,0.925995381209704,0.951644274217564,0.975923504037145,0.98427640708387,0.956176350035998,0.970584404493052,0.96456172694728,0.981281032524676,0.99361239364981,0.990767926253604,0.985939732428902,0.979046784479555
114,0.976353458615976,0.922756905698259,0.993152912012796,0.98955126193704,0.980014249497698,0.910774896618503,0.775279048444709,0.973205944948573,0.99102400020729,0.957200239008157,0.959390674237177,0.999985209392335,0.933972528190605,0.999984594730671,0.995947483087119,0.991315160815954,0.950299544590933,0.977150529091153,0.983741519188533,0.945809267317275,0.966126469989511,0.984166925719843,0.990371629973852,0.969358126559888,0.980294887026872,0.974502919692011,0.986328392254285,0.996638495419952,0.994163080876261,0.990397630677632,0.984991937871301
115,0.984828234752677,0.939734580697156,0.995733229827431,0.993125174701874,0.986369346200326,0.928319084782426,0.826046344587324,0.983419084396375,0.996661400349517,0.968764037690415,0.97093976972741,0.999997124769228,0.946626599033535,0.999998964303521,0.998419746433537,0.995520140539824,0.961606069752812,0.985963836498388,0.990612956058407,0.961121873913483,0.976807744170392,0.989873325993257,0.994338377137935,0.978971808084626,0.986912689989863,0.981841752546589,0.990033957888868,0.998330186113481,0.996369013395196,0.993540594370626,0.989317594797246
116,0.990519892242927,0.953318042162616,0.997357749524246,0.995546856639397,0.990791342443743,0.942820223411172,0.870319231831869,0.990139051488183,0.998962952681447,0.977633349563856,0.979736906332788,0.999999459211286,0.957232555914005,0.999999955088226,0.999428057159069,0.99777961779251,0.970484334263618,0.991613419713895,0.994596644841342,0.972647734719404,0.984467732503007,0.993700847028938,0.996807967001205,0.985818644514232,0.9913645386516,0.987186616859934,0.992745492229963,0.999218703132773,0.997774062926486,0.995718202978355,0.992436853360111
117,0.994216419602401,0.964058107230526,0.998371654375537,0.997159384392887,0.993829716279867,0.954683659595117,0.906900779108122,0.994367477668216,0.999738190242662,0.984281519116345,0.98623916769902,0.999999900554108,0.966020132101948,0.999999998755286,0.999806372707821,0.998939426228474,0.977401204148547,0.995120308312621,0.996895126932531,0.98111347201655,0.989817937222937,0.996189894439465,0.998277332694511,0.990590549521536,0.994330159361524,0.991033209684964,0.994724824561993,0.999656357055365,0.998653268454198,0.997202039168815,0.994669389477524
118,0.996546287165634,0.972466618859079,0.999000244789905,0.998215163574537,0.99589507560007,0.964300545477612,0.935569997984465,0.996912686319685,0.999947955739119,0.989155824160848,0.990902874470152,0.99999998198946,0.973222146880396,0.999999999977813,0.999938191337129,0.99951038752837,0.982755154386277,0.997232645277486,0.998217654516626,0.987191456143619,0.993462674157232,0.997759715712288,0.999111740252189,0.993851143046019,0.996291248048936,0.993772480200352,0.996167081668857,0.999858168063538,0.999194791813009,0.998197063131675,0.996257278728713
119,0.997976295650656,0.978996171030098,0.999387955537345,0.998895160699579,0.997286132877689,0.972032505829244,0.956938451559508,0.998377949094716,0.999992140970067,0.992654041735859,0.99414867319376,0.999999996771295,0.979064039407,0.99999999999974,0.999981247479137,0.999780929287679,0.98687729080049,0.998469229432792,0.998977431690286,0.991463032149835,0.995887183548051,0.998720009328276,0.9995632603752,0.996038888118487,0.997580920641728,0.995704898559965,0.997216606070825,0.99994514779058,0.999523652052795,0.998854042736077,0.997380721732461
120,0.998833763205612,0.984032626597377,0.999626149352325,0.999326135950478,0.998215608924923,0.978203182689477,0.972142565540925,0.999184213409884,0.999999133578336,0.995113121745071,0.996340307298797,0.99999999942513,0.98375645237222,0.999999999999998,0.999994551214867,0.999904734833358,0.99003714060543,0.999173626617617,0.999413523018865,0.994405230502181,0.997463536390585,0.999289704437475,0.999795662202103,0.997482296698485,0.998425529714944,0.997056598973434,0.997979598288265,0.999980142332793,0.999720865135074,0.999281344985891,0.998172037307599
121,0.999337570307907,0.987896009586367,0.99977204028028,0.999594990501687,0.998832391998106,0.983094952745426,0.982513115051871,0.999607832970583,0.999999933199081,0.996807077985607,0.9977756385285,0.999999999898107,0.987490571873645,1,0.999998473104515,0.999959629036788,0.992450628458832,0.999564413687543,0.999663698813452,0.996393297171028,0.998466032439206,0.99961738137497,0.999909218966622,0.998419846039747,0.998976932390381,0.997994834540154,0.998533888624662,0.999993274188993,0.999837811457911,0.999555219869723,0.998727318719842
122,0.999628413890673,0.990846172340395,0.99986118637657,0.999760105895691,0.9992392212478,0.98694921981993,0.989322559408704,0.999820090232774,0.999999996558635,0.997950999187519,0.998687035967369,0.999999999981994,0.990435761263841,1,0.999999584758737,0.99998328468396,0.994288583918557,0.999775718092907,0.999807176790468,0.997712152400967,0.999090019638303,0.999800042361178,0.999961785154714,0.999020010343753,0.999336060684737,0.99864150359606,0.998936352129949,0.99999786875109,0.999906471108751,0.999728262989694,0.999115726585413
123,0.999793787903013,0.993090659247487,0.999915559466607,0.999859952571971,0.999506155117995,0.989968955932461,0.9936435342548,0.999921366926776,0.999999999887004,0.99870847972513,0.999247864608333,0.999999999996825,0.992738969894164,1,0.999999889812988,0.999993221375752,0.995684828590988,0.999887145608148,0.999889448774176,0.998571621673786,0.99947034099717,0.999898679674461,0.999984789702845,0.999399002108555,0.999569538551272,0.99908433300872,0.999228463363951,0.999999367858497,0.999946425621557,0.999836078620436,0.999386671032506
124,0.999886606728527,0.994793106633583,0.999948676513451,0.999919411646984,0.999680490901404,0.992322480876056,0.996302584620188,0.999967312165257,0.999999999997745,0.99920041764782,0.999582126751699,0.999999999999441,0.994525417295451,1,0.999999971338114,0.99999730129285,0.996743371520403,0.999944482683299,0.999936619954647,0.999122092120692,0.99969742977874,0.999950251369292,0.999994287710146,0.999635294798597,0.999721119040294,0.999385764299813,0.999440420019406,0.999999824319112,0.999969493973276,0.999902341142249,0.999575236646784
125,0.999938129975443,0.99608122156407,0.999968825012693,0.999954285520265,0.999793888066833,0.994147764890108,0.997894357767737,0.999987097958744,0.999999999999974,0.999513795341565,0.999774982337936,0.999999999999902,0.995900116946114,1,0.999999992663288,0.999998942964114,0.997544543206541,0.999973287783174,0.999963664363122,0.999468724433583,0.999830316210523,0.999976344459701,0.999997979869587,0.99978086831603,0.999819425675807,0.999589809231563,0.999594184339238,0.999999954184389,0.999982720542478,0.999942524233934,0.999706209166831
126,0.999966463545736,0.99705386635419,0.999981072972177,0.999974433813249,0.999867383554063,0.99555678214943,0.998823799189461,0.999995172865787,1,0.999709626399107,0.999882632942441,0.999999999999983,0.996949886262028,1,0.999999998146019,0.999999591870308,0.998150072508669,0.999987423636643,0.999979169102022,0.999683391704756,0.999906553473776,0.999989113252994,0.999999328546078,0.999869554495088,0.999883130261871,0.999727218832231,0.999705715901369,0.999999988766375,0.999990257758089,0.999966575458332,0.999797023905156
127,0.999981921994905,0.997787080560468,0.999988513386971,0.999985901940256,0.999914867369332,0.996639627806137,0.999354433633854,0.99999829093076,1,0.999829680068644,0.999940736140954,0.999999999999997,0.997745573876074,1,0.99999999953629,0.999999844383193,0.998607199917277,0.999994203529705,0.999988057910214,0.999814169380519,0.999949449368836,0.999995153472563,0.999999790616646,0.999923021264881,0.999924386328601,0.999819309227746,0.999786605243941,0.999999997404337,0.999994529685756,0.999980788243756,0.999859901430083
128,0.999990300073139,0.998339047660487,0.999993030977405,0.999992333642315,0.999945460100705,0.997468243448951,0.999651288295509,0.999999428298817,1,0.999901885136641,0.999971044422467,1,0.998344311819026,1,0.999999999884962,0.999999941310322,0.998951957651919,0.99999738336718,0.999993153777266,0.999892560655016,0.999973129761597,0.999997914100541,0.999999938844184,0.999954941398259,0.999951091537544,0.999880750012127,0.999845266189407,0.999999999433315,0.9999969394149,0.999989082936978,0.999903381128178
129,0.99999481556328,0.998754103091233,0.999995772819872,0.999995888360771,0.999965121780793,0.998099684977583,0.999814340283158,0.99999981959785,1,0.999944491437408,0.999986316725746,1,0.998791664287493,1,0.999999999971646,0.999999978075198,0.999211754014455,0.999998842537723,0.99999607517071,0.999938804609621,0.999985960609534,0.999999132520138,0.999999983294839,0.999973824925703,0.999968371488494,0.999921569972981,0.999887804528797,0.999999999882766,0.999998293029673,0.999993865196694,0.999933414608563
130,0.999997237960661,0.999065916744129,0.999997436395879,0.999997824787614,0.999977730705183,0.99857892355469,0.999902431149485,0.999999946379553,1,0.999969158084281,0.999993748041099,1,0.99912359515779,1,0.999999999993047,0.99999999187676,0.999407390700389,0.99999949803172,0.999997749961352,0.999965656656742,0.999992786993419,0.999999651571871,0.999999995738102,0.999984901650122,0.999979549479818,0.999948583469677,0.9999186500912,0.999999999976948,0.999999050607664,0.999996589854612,0.999954140730058
131,0.999998532462039,0.99929998911335,0.999998445503052,0.99999886468021,0.999985801219666,0.998941203770387,0.999949321714574,0.999999985009315,1,0.999983169943203,0.999997238775397,1,0.99936821413343,1,0.999999999998302,0.999999997011675,0.999554626044643,0.999999786461192,0.999998710091592,0.999981006889937,0.999996354609483,0.999999864901276,0.999999998985626,0.999991347926047,0.999986778639168,0.999966394632093,0.999941016211591,0.999999999995678,0.999999473239641,0.999998124375125,0.99996843228852
132,0.999999222002489,0.999475590677679,0.999999057500719,0.999999415293207,0.999990958111996,0.999214000827405,0.999973951492592,0.999999996063243,1,0.99999098000564,0.999998821367497,1,0.999547288208186,1,0.999999999999587,0.999999998907411,0.999665379430025,0.999999910846485,0.999999260518027,0.999989647556882,0.999998186958395,0.999999949454486,0.999999999774977,0.999995072037269,0.999991453150819,0.99997809799269,0.99995723349795,0.999999999999225,0.999999708351425,0.999998978954773,0.999978280070052
133,0.999999588317625,0.999607257620874,0.999999428606935,0.999999702806623,0.999994248333589,0.99941862594865,0.999986735674385,0.999999999030054,1,0.999995251852761,0.999999513795419,1,0.999677523093427,1,0.9999999999999,0.999999999602637,0.999748654953242,0.999999963449401,0.999999576067993,0.999994437766849,0.999999112249589,0.999999981759798,0.999999999953509,0.999997208950226,0.999994475369428,0.999985763357791,0.999968992163436,0.999999999999867,0.99999983882336,0.999999449704199,0.999985061728009
134,0.999999782489663,0.999705938695103,0.999999653614344,0.999999850891389,0.999996344805483,0.999571530250343,0.999993301481051,0.999999999776046,1,0.999997544909959,0.99999980616224,1,0.999771630430938,1,0.999999999999976,0.999999999856139,0.999811247155178,0.999999985277537,0.999999756967271,0.99999705365086,0.999999571862852,0.999999993653587,0.999999999991058,0.999998427443046,0.999996429122542,0.999990768888122,0.99997751790645,0.999999999999978,0.999999911071327,0.999999706284552,0.999989729479097
135,0.999999885225276,0.999779870540162,0.999999790027592,0.999999926139186,0.999997679086963,0.999685354698037,0.99999664205759,0.99999999995159,1,0.999998752985679,0.999999925304758,1,0.999839202770897,1,0.999999999999994,0.99999999994812,0.999858278606945,0.999999994170474,0.999999860673641,0.99999846106669,0.999999796540285,0.999999997871719,0.9999999999984,0.999999118223286,0.999997692048139,0.999994028364347,0.999983699526156,0.999999999999996,0.999999951003109,0.999999844702553,0.999992940806506
136,0.999999939499772,0.999835243287267,0.999999872723875,0.999999963870521,0.999998527407995,0.999769769239253,0.999998327603491,0.999999999990212,1,0.999999377729955,0.999999972172103,1,0.999887420904994,1,0.999999999999999,0.999999999981353,0.999893608399843,0.999999997729663,0.99999992012667,0.999999207260468,0.999999904681758,0.999999999312305,0.999999999999734,0.999999507747003,0.999998508363511,0.999996145293189,0.999988181499505,1,0.999999973037468,0.999999918635233,0.999995149284691
137,0.999999968136643,0.999876705188586,0.999999922853199,0.999999982544309,0.99999906627334,0.999832138907637,0.999999171846906,0.99999999999815,1,0.999999694901883,0.999999989973751,1,0.999921618360781,1,1,0.999999999993317,0.999920141907725,0.999999999129861,0.999999954210038,0.999999597196321,0.999999955956963,0.999999999785953,0.999999999999959,0.999999726316173,0.999999035977648,0.99999751680886,0.99999143113016,1,0.999999985178678,0.999999957745763,0.999996667579764
138,0.999999983230678,0.999907744283073,0.999999953239602,0.999999991668286,0.999999408295482,0.999878049299481,0.999999591975221,0.999999999999674,1,0.999999853002503,0.999999996505029,1,0.999945726561698,1,1,0.999999999997611,0.999940065286447,0.99999999967163,0.999999973749428,0.999999798075995,0.999999979918983,0.99999999993584,0.999999999999994,0.999999848405241,0.999999376980395,0.999998403356512,0.999993787248372,1,0.999999991860319,0.999999978243325,0.999997711082463
139,0.999999991179701,0.999930976496214,0.999999971658023,0.999999996070382,0.999999625227356,0.99991171872044,0.999999799859969,0.999999999999946,1,0.999999930392929,0.999999998820743,1,0.999962621981532,1,1,0.999999999999148,0.999955022747265,0.999999999877918,0.999999984951013,0.999999900116062,0.9999999909613,0.999999999981483,0.999999999999999,0.999999916318996,0.999999597367434,0.999998975199164,0.999995495527862,1,0.999999995533426,0.999999988889624,0.999998428087793
140,0.99999999536297,0.99994836276366,0.999999982821882,0.999999998168176,0.999999762734124,0.99993631968535,0.999999902210938,0.999999999999992,1,0.999999967600421,0.999999999614628,1,0.999974394029155,1,1,0.999999999999696,0.999966250411553,0.999999999955262,0.999999991372683,0.999999951235917,0.999999995981695,0.999999999994855,1,0.99999995395303,0.999999739798211,0.999999343316598,0.999996734095921,1,0.999999997550745,0.999999994371363,0.999998920645781
